;COD_CLI;DATA_COMPRA;DT_ENTREGA;PRODUTO;VALOR_FATURADO;LOCAL
3862;416.0;2001-11-19;2001-11-19;HBCC1;;33.0
3863;6053.0;2001-11-19;2001-11-19;QPYG0;;32.0
3864;6224.0;2001-11-19;2001-11-19;JNDD3;;27.0
3865;6503.0;2001-11-19;2001-11-19;XSZZ4;;7.0
3866;8582.0;2001-11-20;2001-11-20;HBCC1;;9.0
3867;891.0;2001-11-21;2001-11-21;BVAA3;;35.0
3868;4772.0;2001-11-22;2001-11-22;LMFF1;;46.0
3869;11100.0;2001-11-23;2001-11-23;OKTT1;;20.0
3870;4772.0;2001-11-24;2001-11-24;QSOP4;;35.0
3871;6192.0;2001-11-24;2001-11-24;JNDD2;;17.0
3872;4888.0;2001-11-24;2001-11-24;NVHH3;;29.0
3873;6178.0;2001-11-24;2001-11-24;HBCC2;;44.0
3874;6204.0;2001-11-25;2001-11-25;HBCC4;;1.0
3875;5009.0;2001-11-25;2001-11-25;HBCC2;;17.0
3876;4694.0;2001-11-25;2001-11-25;WWAP0;;37.0
3877;8718.0;2001-11-25;2001-11-25;JNDD4;;45.0
3878;267.0;2001-11-27;2001-11-27;XDFF2;;5.0
3879;11471.0;2001-11-28;2001-11-28;XDFF1;;46.0
3880;4222.0;2001-11-29;2001-11-29;BVAA0;;1.0
3881;4878.0;2001-11-29;2001-11-29;QSOP0;;10.0
3882;5403.0;2001-12-01;2001-12-01;QSOP2;;30.0
3883;4933.0;2001-12-02;2001-12-02;BVAA1;;37.0
3884;4989.0;2001-12-02;2001-12-02;WDFE0;;27.0
3885;5536.0;2001-12-03;2001-12-03;WWAP1;;14.0
3886;832.0;2001-12-04;2001-12-04;OKTT2;;4.0
3887;5439.0;2001-12-04;2001-12-04;HBCC1;;17.0
3888;6315.0;2001-12-04;2001-12-04;BVAA4;;43.0
3889;5009.0;2001-12-04;2001-12-04;JNDD0;;9.0
3890;4127.0;2001-12-06;2001-12-06;NVHH1;;23.0
3891;6000.0;2001-12-06;2001-12-06;BVAA1;;1.0
3892;6190.0;2001-12-07;2001-12-07;JNDD1;;3.0
3893;11206.0;2001-12-08;2001-12-08;WDFE2;;45.0
3894;7210.0;2001-12-09;2001-12-09;QSOP3;;14.0
3895;11731.0;2001-12-09;2001-12-09;QPYG3;;23.0
3896;9582.0;2001-12-09;2001-12-09;QPYG3;;32.0
3897;6236.0;2001-12-12;2001-12-12;WWAP1;;6.0
3898;8640.0;2001-12-15;2001-12-15;QPYG2;;47.0
3899;6213.0;2001-12-15;2001-12-15;HBCC4;;37.0
3900;4772.0;2001-12-17;2001-12-17;QPYG4;;40.0
3901;134.0;2001-12-18;2001-12-18;WDFE4;;47.0
3902;4665.0;2001-12-18;2001-12-18;QPYG1;;39.0
3903;1142.0;2001-12-19;2001-12-19;HBCC0;;49.0
3904;5158.0;2001-12-19;2001-12-19;BVAA3;;34.0
3905;1383.0;2001-12-20;2001-12-20;OKTT1;;23.0
3906;96.0;2001-12-21;2001-12-21;JNDD2;;37.0
3907;6295.0;2001-12-21;2001-12-21;HBCC3;;14.0
3908;5009.0;2001-12-23;2001-12-23;BVAA2;;23.0
3909;6195.0;2001-12-23;2001-12-23;BVAA1;;49.0
3910;6165.0;2001-12-23;2001-12-23;BVAA1;;44.0
3911;11103.0;2001-12-24;2001-12-24;HBCC3;;17.0
3912;5009.0;2001-12-25;2001-12-25;QAFD4;;8.0
3913;4772.0;2001-12-26;2001-12-26;XSZZ3;;33.0
3914;5918.0;2001-12-26;2001-12-26;JNDD2;;11.0
3915;6009.0;2001-12-26;2001-12-26;XSZZ2;;1.0
3916;653.0;2001-12-28;2001-12-28;XSZZ2;;30.0
3917;11142.0;2001-12-28;2001-12-28;WWAP1;;13.0
3918;5424.0;2001-12-29;2001-12-29;XDFF0;;20.0
3919;6383.0;2001-12-29;2001-12-29;XSZZ4;;50.0
3920;4487.0;2001-12-30;2001-12-30;QSOP4;;2.0
3921;9239.0;2002-01-01;2002-01-01;QPYG4;;45.0
3922;11400.0;2002-01-02;2002-01-02;XSZZ0;;25.0
3923;170.0;2002-01-03;2002-01-03;OKTT3;;13.0
3924;11176.0;2002-01-03;2002-01-03;WDFE2;;34.0
3925;6059.0;2002-01-04;2002-01-04;OKTT2;;13.0
3926;8508.0;2002-01-04;2002-01-04;BVAA0;;23.0
3927;245.0;2002-01-05;2002-01-05;XDFF4;;18.0
3928;5949.0;2002-01-05;2002-01-05;XSZZ0;;14.0
3929;4049.0;2002-01-06;2002-01-06;XSZZ2;;9.0
3930;5726.0;2002-01-06;2002-01-06;JNDD1;;7.0
3931;2822.0;2002-01-09;2002-01-09;QSOP1;;11.0
3932;5222.0;2002-01-09;2002-01-09;OKTT1;;36.0
3933;10372.0;2002-01-09;2002-01-09;XDFF3;;31.0
3934;5005.0;2002-01-10;2002-01-10;QSOP0;;40.0
3935;6418.0;2002-01-11;2002-01-11;QSOP4;;0.0
3936;6558.0;2002-01-12;2002-01-12;JNDD2;;47.0
3937;5556.0;2002-01-13;2002-01-13;HBCC4;;1.0
3938;6158.0;2002-01-14;2002-01-14;NVHH1;;47.0
3939;6502.0;2002-01-14;2002-01-14;QAFD4;;34.0
3940;10876.0;2002-01-14;2002-01-14;XSZZ4;;1.0
3941;10163.0;2002-01-14;2002-01-14;QPYG3;;25.0
3942;2740.0;2002-01-16;2002-01-16;QPYG2;;38.0
3943;120.0;2002-01-18;2002-01-18;QAFD2;;21.0
3944;5950.0;2002-01-18;2002-01-18;JNDD4;;32.0
3945;5276.0;2002-01-18;2002-01-18;QPYG4;;10.0
3946;5637.0;2002-01-19;2002-01-19;WDFE0;;43.0
3947;5009.0;2002-01-20;2002-01-20;QSOP3;;49.0
3948;7225.0;2002-01-20;2002-01-20;WDFE0;;32.0
3949;2754.0;2002-01-21;2002-01-21;QPYG1;;45.0
3950;5798.0;2002-01-22;2002-01-22;QPYG1;;35.0
3951;5009.0;2002-01-23;2002-01-23;BVAA4;;1.0
3952;5955.0;2002-01-23;2002-01-23;OKTT1;;9.0
3953;11476.0;2002-01-23;2002-01-23;WDFE2;;20.0
3954;931.0;2002-01-24;2002-01-24;XSZZ4;;40.0
3955;1032.0;2002-01-24;2002-01-24;WWAP0;;30.0
3956;2979.0;2002-01-24;2002-01-24;BVAA1;;40.0
3957;5801.0;2002-01-24;2002-01-24;WDFE2;;36.0
3958;248.0;2002-01-25;2002-01-25;WWAP4;;1.0
3959;2861.0;2002-01-25;2002-01-25;QPYG3;;1.0
3960;4217.0;2002-01-25;2002-01-25;QAFD0;;10.0
3961;5246.0;2002-01-26;2002-01-26;HBCC0;;7.0
3962;1339.0;2002-01-27;2002-01-27;NVHH2;;46.0
3963;4201.0;2002-01-27;2002-01-27;HBCC2;;14.0
3964;6316.0;2002-01-27;2002-01-27;XSZZ2;;27.0
3965;4725.0;2002-01-27;2002-01-27;WDFE0;;17.0
3966;11883.0;2002-01-27;2002-01-27;WWAP4;;25.0
3967;10987.0;2002-01-29;2002-01-29;WDFE3;;32.0
3968;8330.0;2002-01-30;2002-01-30;NVHH0;;12.0
3969;5826.0;2002-01-31;2002-01-31;OKTT4;;39.0
3970;9014.0;2002-01-31;2002-01-31;QPYG3;;25.0
3971;1527.0;2002-02-01;2002-02-01;XDFF0;;48.0
3972;4518.0;2002-02-01;2002-02-01;JNDD2;;41.0
3973;4772.0;2002-02-01;2002-02-01;JNDD3;;25.0
3974;6285.0;2002-02-01;2002-02-01;QAFD0;;25.0
3975;11976.0;2002-02-01;2002-02-01;OKTT1;;35.0
3976;8429.0;2002-02-01;2002-02-01;WDFE2;;39.0
3977;1268.0;2002-02-02;2002-02-02;BVAA1;;40.0
3978;4772.0;2002-02-04;2002-02-04;OKTT2;;1.0
3979;6519.0;2002-02-04;2002-02-04;OKTT3;;40.0
3980;11896.0;2002-02-04;2002-02-04;WDFE3;;2.0
3981;9751.0;2002-02-04;2002-02-04;QSOP0;;14.0
3982;220.0;2002-02-05;2002-02-05;HBCC0;;33.0
3983;10649.0;2002-02-05;2002-02-05;QSOP1;;40.0
3984;5578.0;2002-02-06;2002-02-06;JNDD0;;45.0
3985;6190.0;2002-02-06;2002-02-06;WDFE0;;35.0
3986;5950.0;2002-02-07;2002-02-07;XDFF1;;12.0
3987;6042.0;2002-02-07;2002-02-07;HBCC0;;11.0
3988;9087.0;2002-02-09;2002-02-09;JNDD4;;43.0
3989;156.0;2002-02-10;2002-02-10;QAFD3;;25.0
3990;8709.0;2002-02-12;2002-02-12;WDFE4;;36.0
3991;9682.0;2002-02-12;2002-02-12;OKTT4;;20.0
3992;6351.0;2002-02-13;2002-02-13;QSOP3;;26.0
3993;10802.0;2002-02-13;2002-02-13;XDFF1;;30.0
3994;11378.0;2002-02-14;2002-02-14;WWAP4;;42.0
3995;5554.0;2002-02-17;2002-02-17;OKTT2;;6.0
3996;5968.0;2002-02-18;2002-02-18;NVHH4;;39.0
3997;11702.0;2002-02-18;2002-02-18;HBCC0;;49.0
3998;5881.0;2002-02-19;2002-02-19;XDFF0;;7.0
3999;5731.0;2002-02-19;2002-02-19;NVHH3;;47.0
4000;5899.0;2002-02-20;2002-02-20;QPYG1;;30.0
4001;11422.0;2002-02-20;2002-02-20;WWAP0;;30.0
4002;6376.0;2002-02-24;2002-02-24;XSZZ2;;6.0
4003;2829.0;2002-02-24;2002-02-24;LMFF0;;6.0
4004;4149.0;2002-02-24;2002-02-24;WDFE3;;28.0
4005;5009.0;2002-02-26;2002-02-26;HBCC2;;29.0
4006;4668.0;2002-02-26;2002-02-26;XDFF2;;23.0
4007;1208.0;2002-02-27;2002-02-27;NVHH1;;21.0
4008;5433.0;2002-02-27;2002-02-27;XSZZ2;;14.0
4009;11604.0;2002-02-28;2002-02-28;XSZZ3;;50.0
4010;10196.0;2002-02-28;2002-02-28;WDFE0;;34.0
4011;9276.0;2002-02-28;2002-02-28;BVAA2;;8.0
4012;6242.0;2002-03-01;2002-03-01;QPYG0;;33.0
4013;5009.0;2002-03-02;2002-03-02;WWAP0;;36.0
4014;250.0;2002-03-05;2002-03-05;OKTT3;;32.0
4015;2968.0;2002-03-05;2002-03-05;QSOP0;;36.0
4016;203.0;2002-03-06;2002-03-06;WDFE1;;44.0
4017;6353.0;2002-03-06;2002-03-06;HBCC3;;4.0
4018;4075.0;2002-03-08;2002-03-08;QPYG0;;31.0
4019;6543.0;2002-03-09;2002-03-09;QPYG1;;42.0
4020;5858.0;2002-03-09;2002-03-09;QSOP1;;36.0
4021;4555.0;2002-03-10;2002-03-10;OKTT1;;35.0
4022;5708.0;2002-03-10;2002-03-10;WWAP0;;35.0
4023;5950.0;2002-03-10;2002-03-10;XSZZ3;;4.0
4024;11688.0;2002-03-10;2002-03-10;HBCC2;;26.0
4025;5215.0;2002-03-12;2002-03-12;QPYG3;;1.0
4026;4752.0;2002-03-13;2002-03-13;XDFF3;;6.0
4027;6168.0;2002-03-13;2002-03-13;OKTT0;;38.0
4028;10024.0;2002-03-13;2002-03-13;QSOP4;;39.0
4029;1271.0;2002-03-14;2002-03-14;XDFF2;;0.0
4030;6419.0;2002-03-14;2002-03-14;XSZZ0;;28.0
4031;5984.0;2002-03-14;2002-03-14;OKTT3;;43.0
4032;8445.0;2002-03-14;2002-03-14;NVHH2;;7.0
4033;6209.0;2002-03-14;2002-03-14;QAFD1;;5.0
4034;813.0;2002-03-15;2002-03-15;WWAP2;;4.0
4035;6491.0;2002-03-16;2002-03-16;QSOP4;;19.0
4036;8818.0;2002-03-17;2002-03-17;HBCC2;;31.0
4037;5009.0;2002-03-18;2002-03-18;NVHH2;;22.0
4038;7277.0;2002-03-18;2002-03-18;QPYG0;;4.0
4039;8735.0;2002-03-19;2002-03-19;QSOP4;;14.0
4040;11387.0;2002-03-19;2002-03-19;OKTT2;;4.0
4041;9674.0;2002-03-21;2002-03-21;HBCC3;;14.0
4042;8531.0;2002-03-21;2002-03-21;BVAA3;;38.0
4043;10078.0;2002-03-21;2002-03-21;OKTT1;;49.0
4044;5612.0;2002-03-24;2002-03-24;OKTT0;;19.0
4045;8718.0;2002-03-24;2002-03-24;XSZZ0;;36.0
4046;10536.0;2002-03-24;2002-03-24;QSOP2;;41.0
4047;911.0;2002-03-25;2002-03-25;BVAA1;;45.0
4048;5731.0;2002-03-25;2002-03-25;QSOP1;;42.0
4049;6179.0;2002-03-25;2002-03-25;QSOP1;;9.0
4050;450.0;2002-03-26;2002-03-26;HBCC2;;36.0
4051;9966.0;2002-03-26;2002-03-26;NVHH0;;15.0
4052;5788.0;2002-03-27;2002-03-27;OKTT4;;19.0
4053;9051.0;2002-03-27;2002-03-27;WDFE0;;23.0
4054;4876.0;2002-03-28;2002-03-28;BVAA4;;42.0
4055;4671.0;2002-03-30;2002-03-30;HBCC4;;12.0
4056;9566.0;2002-03-30;2002-03-30;NVHH0;;22.0
4057;5009.0;2002-03-31;2002-03-31;JNDD2;;9.0
4058;4608.0;2002-04-01;2002-04-01;XDFF4;;4.0
4059;9132.0;2002-04-01;2002-04-01;WDFE2;;44.0
4060;354.0;2002-04-02;2002-04-02;WWAP2;;32.0
4061;2822.0;2002-04-03;2002-04-03;HBCC1;;16.0
4062;10084.0;2002-04-03;2002-04-03;HBCC1;;41.0
4063;9779.0;2002-04-05;2002-04-05;LMFF1;;24.0
4064;5154.0;2002-04-07;2002-04-07;QAFD2;;12.0
4065;4954.0;2002-04-07;2002-04-07;XSZZ2;;3.0
4066;5622.0;2002-04-08;2002-04-08;QPYG2;;41.0
4067;8426.0;2002-04-08;2002-04-08;OKTT0;;33.0
4068;4581.0;2002-04-10;2002-04-10;BVAA3;;46.0
4069;11382.0;2002-04-10;2002-04-10;OKTT0;;28.0
4070;10163.0;2002-04-10;2002-04-10;WDFE0;;23.0
4071;829.0;2002-04-11;2002-04-11;OKTT2;;22.0
4072;6003.0;2002-04-11;2002-04-11;NVHH1;;35.0
4073;4772.0;2002-04-11;2002-04-11;WWAP4;;4.0
4074;6246.0;2002-04-13;2002-04-13;WDFE3;;30.0
4075;5420.0;2002-04-13;2002-04-13;BVAA1;;24.0
4076;8354.0;2002-04-16;2002-04-16;XSZZ3;;18.0
4077;639.0;2002-04-17;2002-04-17;NVHH1;;20.0
4078;4885.0;2002-04-17;2002-04-17;QSOP3;;2.0
4079;6352.0;2002-04-18;2002-04-18;QPYG1;;42.0
4080;25.0;2002-04-21;2002-04-21;XSZZ2;;16.0
4081;5486.0;2002-04-21;2002-04-21;BVAA0;;26.0
4082;11126.0;2002-04-22;2002-04-22;QPYG1;;5.0
4083;5965.0;2002-04-23;2002-04-23;XSZZ4;;12.0
4084;578.0;2002-04-25;2002-04-25;QSOP3;;45.0
4085;6401.0;2002-04-25;2002-04-25;XSZZ0;;2.0
4086;10264.0;2002-04-25;2002-04-25;JNDD4;;40.0
4087;747.0;2002-04-27;2002-04-27;XSZZ2;;18.0
4088;4487.0;2002-04-27;2002-04-27;OKTT0;;15.0
4089;4649.0;2002-04-27;2002-04-27;QSOP3;;35.0
4090;7335.0;2002-04-27;2002-04-27;BVAA4;;42.0
4091;9075.0;2002-04-27;2002-04-27;QSOP3;;50.0
4092;1020.0;2002-04-29;2002-04-29;HBCC3;;18.0
4093;5268.0;2002-05-01;2002-05-01;XSZZ0;;50.0
4094;1337.0;2002-05-02;2002-05-02;LMFF4;;1.0
4095;6376.0;2002-05-03;2002-05-03;XSZZ2;;1.0
4096;4573.0;2002-05-05;2002-05-05;QSOP3;;36.0
4097;4687.0;2002-05-08;2002-05-08;NVHH3;;33.0
4098;4760.0;2002-05-09;2002-05-09;XSZZ3;;42.0
4099;9728.0;2002-05-10;2002-05-10;JNDD3;;6.0
4100;6221.0;2002-05-12;2002-05-12;JNDD4;;17.0
4101;10603.0;2002-05-14;2002-05-14;NVHH2;;38.0
4102;5153.0;2002-05-15;2002-05-15;OKTT1;;40.0
4103;8418.0;2002-05-16;2002-05-16;WDFE1;;6.0
4104;4963.0;2002-05-17;2002-05-17;XSZZ3;;32.0
4105;4628.0;2002-05-17;2002-05-17;QSOP0;;40.0
4106;11442.0;2002-05-17;2002-05-17;BVAA1;;6.0
4107;6181.0;2002-05-18;2002-05-18;NVHH1;;26.0
4108;2904.0;2002-05-19;2002-05-19;NVHH4;;46.0
4109;5483.0;2002-05-20;2002-05-20;JNDD2;;36.0
4110;5421.0;2002-05-20;2002-05-20;NVHH0;;45.0
4111;6155.0;2002-05-21;2002-05-21;QAFD3;;40.0
4112;5131.0;2002-05-22;2002-05-22;JNDD0;;42.0
4113;5009.0;2002-05-24;2002-05-24;QPYG3;;34.0
4114;5885.0;2002-05-25;2002-05-25;WDFE2;;3.0
4115;5870.0;2002-05-26;2002-05-26;OKTT4;;5.0
4116;5880.0;2002-05-26;2002-05-26;QPYG4;;3.0
4117;5415.0;2002-05-26;2002-05-26;HBCC4;;13.0
4118;9687.0;2002-05-27;2002-05-27;LMFF3;;24.0
4119;9804.0;2002-05-27;2002-05-27;NVHH1;;13.0
4120;2883.0;2002-05-31;2002-05-31;QPYG1;;8.0
4121;4310.0;2002-06-01;2002-06-01;WWAP1;;44.0
4122;11905.0;2002-06-02;2002-06-02;QPYG0;;22.0
4123;9636.0;2002-06-02;2002-06-02;JNDD1;;49.0
4124;4712.0;2002-06-04;2002-06-04;BVAA4;;50.0
4125;6417.0;2002-06-06;2002-06-06;WDFE4;;3.0
4126;5630.0;2002-06-07;2002-06-07;QSOP0;;38.0
4127;8588.0;2002-06-07;2002-06-07;OKTT1;;36.0
4128;11245.0;2002-06-07;2002-06-07;WDFE1;;8.0
4129;5009.0;2002-06-09;2002-06-09;JNDD2;;17.0
4130;4531.0;2002-06-09;2002-06-09;XSZZ0;;39.0
4131;10308.0;2002-06-09;2002-06-09;QAFD3;;3.0
4132;5995.0;2002-06-10;2002-06-10;XSZZ1;;8.0
4133;5834.0;2002-06-12;2002-06-12;LMFF4;;8.0
4134;4627.0;2002-06-13;2002-06-13;WDFE0;;50.0
4135;5483.0;2002-06-13;2002-06-13;WWAP4;;4.0
4136;5741.0;2002-06-15;2002-06-15;NVHH2;;25.0
4137;5978.0;2002-06-15;2002-06-15;WWAP2;;39.0
4138;543.0;2002-06-17;2002-06-17;QPYG2;;48.0
4139;9316.0;2002-06-17;2002-06-17;OKTT4;;23.0
4140;4047.0;2002-06-18;2002-06-18;BVAA0;;2.0
4141;5009.0;2002-06-19;2002-06-19;NVHH4;;29.0
4142;4531.0;2002-06-19;2002-06-19;JNDD2;;5.0
4143;5767.0;2002-06-20;2002-06-20;WWAP1;;31.0
4144;5219.0;2002-06-22;2002-06-22;QAFD3;;34.0
4145;6542.0;2002-06-23;2002-06-23;QPYG2;;29.0
4146;1569.0;2002-06-25;2002-06-25;JNDD0;;18.0
4147;7145.0;2002-06-25;2002-06-25;HBCC2;;26.0
4148;5624.0;2002-06-25;2002-06-25;JNDD2;;6.0
4149;5578.0;2002-06-26;2002-06-26;WDFE0;;1.0
4150;6177.0;2002-06-26;2002-06-26;WWAP1;;13.0
4151;4477.0;2002-06-26;2002-06-26;WWAP0;;37.0
4152;11500.0;2002-06-26;2002-06-26;QSOP3;;12.0
4153;5543.0;2002-06-27;2002-06-27;LMFF0;;11.0
4154;6038.0;2002-06-27;2002-06-27;WDFE4;;27.0
4155;5852.0;2002-06-27;2002-06-27;QPYG3;;50.0
4156;5420.0;2002-06-29;2002-06-29;QPYG1;;42.0
4157;4092.0;2002-06-29;2002-06-29;HBCC3;;14.0
4158;8519.0;2002-06-29;2002-06-29;BVAA3;;35.0
4159;2784.0;2002-06-30;2002-06-30;QPYG2;;11.0
4160;11963.0;2002-07-01;2002-07-01;WWAP4;;46.0
4161;6141.0;2002-07-02;2002-07-02;QSOP3;;20.0
4162;5439.0;2002-07-02;2002-07-02;WWAP4;;20.0
4163;8366.0;2002-07-02;2002-07-02;WDFE2;;33.0
4164;4120.0;2002-07-04;2002-07-04;BVAA1;;15.0
4165;5696.0;2002-07-04;2002-07-04;WWAP0;;38.0
4166;6011.0;2002-07-04;2002-07-04;WWAP2;;23.0
4167;528.0;2002-07-05;2002-07-05;QSOP3;;27.0
4168;5725.0;2002-07-05;2002-07-05;OKTT4;;36.0
4169;6228.0;2002-07-07;2002-07-07;QSOP4;;19.0
4170;11425.0;2002-07-07;2002-07-07;XDFF4;;41.0
4171;6123.0;2002-07-12;2002-07-12;JNDD0;;1.0
4172;6219.0;2002-07-12;2002-07-12;NVHH0;;44.0
4173;7086.0;2002-07-12;2002-07-12;QSOP4;;41.0
4174;10778.0;2002-07-12;2002-07-12;QSOP3;;27.0
4175;9805.0;2002-07-13;2002-07-13;QSOP2;;23.0
4176;6450.0;2002-07-14;2002-07-14;QAFD2;;9.0
4177;9187.0;2002-07-17;2002-07-17;BVAA2;;26.0
4178;123.0;2002-07-18;2002-07-18;OKTT0;;11.0
4179;10576.0;2002-07-18;2002-07-18;NVHH4;;6.0
4180;5903.0;2002-07-19;2002-07-19;WWAP2;;18.0
4181;5007.0;2002-07-19;2002-07-19;OKTT2;;44.0
4182;4876.0;2002-07-20;2002-07-20;JNDD1;;36.0
4183;6167.0;2002-07-20;2002-07-20;QSOP3;;46.0
4184;5202.0;2002-07-20;2002-07-20;QSOP2;;47.0
4185;6351.0;2002-07-21;2002-07-21;WWAP4;;47.0
4186;6075.0;2002-07-21;2002-07-21;WWAP0;;7.0
4187;5405.0;2002-07-22;2002-07-22;OKTT3;;45.0
4188;6485.0;2002-07-24;2002-07-24;QPYG2;;27.0
4189;4887.0;2002-07-24;2002-07-24;OKTT2;;12.0
4190;11671.0;2002-07-24;2002-07-24;QSOP4;;39.0
4191;460.0;2002-07-25;2002-07-25;QPYG1;;6.0
4192;6026.0;2002-07-25;2002-07-25;XSZZ0;;42.0
4193;5808.0;2002-07-25;2002-07-25;BVAA3;;48.0
4194;942.0;2002-07-26;2002-07-26;QSOP2;;30.0
4195;5803.0;2002-07-26;2002-07-26;LMFF4;;39.0
4196;5009.0;2002-07-27;2002-07-27;HBCC3;;16.0
4197;11287.0;2002-07-27;2002-07-27;JNDD3;;43.0
4198;5781.0;2002-07-28;2002-07-28;HBCC2;;48.0
4199;10978.0;2002-07-28;2002-07-28;JNDD2;;47.0
4200;8498.0;2002-07-28;2002-07-28;XDFF1;;17.0
4201;6359.0;2002-07-30;2002-07-30;XSZZ3;;16.0
4202;9211.0;2002-07-30;2002-07-30;WDFE4;;32.0
4203;1342.0;2002-07-31;2002-07-31;WDFE1;;20.0
4204;2794.0;2002-07-31;2002-07-31;WWAP2;;10.0
4205;6358.0;2002-08-01;2002-08-01;NVHH1;;8.0
4206;5809.0;2002-08-01;2002-08-01;WDFE0;;28.0
4207;4772.0;2002-08-02;2002-08-02;XSZZ3;;11.0
4208;11107.0;2002-08-02;2002-08-02;XSZZ2;;21.0
4209;1327.0;2002-08-03;2002-08-03;QSOP1;;31.0
4210;9992.0;2002-08-04;2002-08-04;QSOP3;;1.0
4211;11810.0;2002-08-04;2002-08-04;WDFE3;;22.0
4212;5009.0;2002-08-05;2002-08-05;WWAP0;;28.0
4213;887.0;2002-08-07;2002-08-07;WDFE0;;36.0
4214;6464.0;2002-08-07;2002-08-07;QAFD4;;15.0
4215;11353.0;2002-08-07;2002-08-07;QPYG3;;31.0
4216;8573.0;2002-08-09;2002-08-09;XDFF1;;7.0
4217;11410.0;2002-08-09;2002-08-09;WWAP0;;16.0
4218;10074.0;2002-08-11;2002-08-11;QAFD1;;16.0
4219;10815.0;2002-08-12;2002-08-12;XSZZ1;;43.0
4220;1397.0;2002-08-14;2002-08-14;NVHH4;;7.0
4221;11803.0;2002-08-14;2002-08-14;XSZZ2;;50.0
4222;2929.0;2002-08-15;2002-08-15;NVHH0;;24.0
4223;5742.0;2002-08-16;2002-08-16;HBCC4;;32.0
4224;4772.0;2002-08-17;2002-08-17;JNDD1;;11.0
4225;1205.0;2002-08-18;2002-08-18;JNDD0;;34.0
4226;1379.0;2002-08-18;2002-08-18;NVHH4;;3.0
4227;9664.0;2002-08-18;2002-08-18;BVAA2;;39.0
4228;2823.0;2002-08-19;2002-08-19;JNDD0;;35.0
4229;7230.0;2002-08-22;2002-08-22;OKTT2;;46.0
4230;9514.0;2002-08-23;2002-08-23;XSZZ0;;40.0
4231;5521.0;2002-08-26;2002-08-26;HBCC4;;30.0
4232;11001.0;2002-08-27;2002-08-27;WDFE1;;33.0
4233;4961.0;2002-08-28;2002-08-28;XDFF2;;34.0
4234;4772.0;2002-08-28;2002-08-28;HBCC3;;41.0
4235;5397.0;2002-08-29;2002-08-29;NVHH0;;49.0
4236;1011.0;2002-08-30;2002-08-30;XSZZ0;;18.0
4237;5579.0;2002-08-30;2002-08-30;NVHH1;;49.0
4238;8387.0;2002-08-31;2002-08-31;WDFE4;;32.0
4239;9821.0;2002-08-31;2002-08-31;QAFD3;;20.0
4240;5515.0;2002-09-01;2002-09-01;QPYG4;;29.0
4241;6012.0;2002-09-02;2002-09-02;BVAA4;;15.0
4242;8434.0;2002-09-03;2002-09-03;JNDD1;;5.0
4243;5976.0;2002-09-03;2002-09-03;JNDD1;;26.0
4244;1251.0;2002-09-05;2002-09-05;QPYG1;;38.0
4245;9637.0;2002-09-05;2002-09-05;WWAP3;;13.0
4246;2744.0;2002-09-06;2002-09-06;WDFE4;;36.0
4247;10912.0;2002-09-08;2002-09-08;BVAA2;;36.0
4248;4513.0;2002-09-09;2002-09-09;OKTT0;;32.0
4249;5122.0;2002-09-11;2002-09-11;WWAP1;;18.0
4250;11638.0;2002-09-12;2002-09-12;WDFE3;;47.0
4251;5705.0;2002-09-14;2002-09-14;BVAA3;;8.0
4252;5564.0;2002-09-14;2002-09-14;HBCC0;;41.0
4253;5427.0;2002-09-16;2002-09-16;QPYG1;;46.0
4254;6292.0;2002-09-18;2002-09-18;QPYG0;;27.0
4255;11709.0;2002-09-18;2002-09-18;XSZZ2;;13.0
4256;136.0;2002-09-21;2002-09-21;WDFE2;;42.0
4257;575.0;2002-09-22;2002-09-22;QSOP2;;39.0
4258;4772.0;2002-09-23;2002-09-23;QAFD1;;3.0
4259;8559.0;2002-09-23;2002-09-23;OKTT3;;24.0
4260;11314.0;2002-09-23;2002-09-23;QPYG4;;30.0
4261;5536.0;2002-09-24;2002-09-24;OKTT1;;20.0
4262;5144.0;2002-09-25;2002-09-25;OKTT0;;47.0
4263;6245.0;2002-09-25;2002-09-25;OKTT2;;22.0
4264;6276.0;2002-09-25;2002-09-25;XSZZ4;;30.0
4265;5201.0;2002-09-26;2002-09-26;QPYG0;;13.0
4266;7187.0;2002-09-26;2002-09-26;OKTT3;;6.0
4267;8673.0;2002-09-27;2002-09-27;LMFF3;;29.0
4268;10831.0;2002-09-27;2002-09-27;JNDD3;;6.0
4269;9050.0;2002-09-28;2002-09-28;QPYG0;;32.0
4270;11194.0;2002-10-01;2002-10-01;XDFF2;;32.0
4271;11523.0;2002-10-01;2002-10-01;WWAP2;;4.0
4272;5009.0;2002-10-02;2002-10-02;HBCC1;;4.0
4273;9995.0;2002-10-03;2002-10-03;QAFD1;;9.0
4274;4598.0;2002-10-04;2002-10-04;QAFD3;;29.0
4275;6307.0;2002-10-05;2002-10-05;QPYG0;;24.0
4276;5200.0;2002-10-06;2002-10-06;XSZZ1;;22.0
4277;9121.0;2002-10-08;2002-10-08;HBCC0;;17.0
4278;8677.0;2002-10-10;2002-10-10;WDFE1;;13.0
4279;9687.0;2002-10-10;2002-10-10;OKTT3;;10.0
4280;6351.0;2002-10-11;2002-10-11;HBCC1;;12.0
4281;4525.0;2002-10-12;2002-10-12;WDFE2;;9.0
4282;9242.0;2002-10-12;2002-10-12;BVAA4;;8.0
4283;6228.0;2002-10-14;2002-10-14;WWAP0;;42.0
4284;10838.0;2002-10-14;2002-10-14;NVHH2;;39.0
4285;10750.0;2002-10-15;2002-10-15;XSZZ2;;34.0
4286;7187.0;2002-10-16;2002-10-16;XSZZ4;;16.0
4287;5723.0;2002-10-16;2002-10-16;XDFF1;;12.0
4288;6376.0;2002-10-18;2002-10-18;QSOP1;;49.0
4289;5169.0;2002-10-18;2002-10-18;JNDD1;;36.0
4290;6135.0;2002-10-18;2002-10-18;HBCC3;;3.0
4291;10080.0;2002-10-19;2002-10-19;QSOP0;;49.0
4292;785.0;2002-10-21;2002-10-21;LMFF3;;39.0
4293;5914.0;2002-10-21;2002-10-21;OKTT3;;35.0
4294;11609.0;2002-10-21;2002-10-21;LMFF2;;26.0
4295;5009.0;2002-10-22;2002-10-22;OKTT0;;38.0
4296;11463.0;2002-10-22;2002-10-22;JNDD3;;34.0
4297;335.0;2002-10-23;2002-10-23;WWAP3;;40.0
4298;4748.0;2002-10-26;2002-10-26;QSOP4;;39.0
4299;6206.0;2002-10-26;2002-10-26;QSOP0;;4.0
4300;11800.0;2002-10-26;2002-10-26;QPYG3;;21.0
4301;11952.0;2002-10-26;2002-10-26;WDFE4;;28.0
4302;174.0;2002-10-27;2002-10-27;JNDD2;;42.0
4303;4962.0;2002-10-27;2002-10-27;BVAA1;;48.0
4304;8493.0;2002-10-27;2002-10-27;OKTT0;;31.0
4305;9642.0;2002-10-27;2002-10-27;QAFD1;;37.0
4306;4608.0;2002-10-29;2002-10-29;BVAA1;;14.0
4307;11794.0;2002-10-29;2002-10-29;QPYG1;;50.0
4308;297.0;2002-10-30;2002-10-30;HBCC4;;20.0
4309;5952.0;2002-10-31;2002-10-31;HBCC1;;32.0
4310;8563.0;2002-10-31;2002-10-31;QSOP3;;22.0
4311;389.0;2002-11-01;2002-11-01;HBCC1;;50.0
4312;1255.0;2002-11-01;2002-11-01;OKTT2;;24.0
4313;5417.0;2002-11-03;2002-11-03;QAFD0;;50.0
4314;10824.0;2002-11-04;2002-11-04;XDFF3;;1.0
4315;4957.0;2002-11-07;2002-11-07;OKTT1;;2.0
4316;8562.0;2002-11-07;2002-11-07;WWAP0;;39.0
4317;6522.0;2002-11-09;2002-11-09;QPYG0;;21.0
4318;8595.0;2002-11-09;2002-11-09;JNDD0;;32.0
4319;5721.0;2002-11-10;2002-11-10;WDFE3;;30.0
4320;8979.0;2002-11-11;2002-11-11;WWAP3;;12.0
4321;11584.0;2002-11-11;2002-11-11;XSZZ4;;28.0
4322;11056.0;2002-11-12;2002-11-12;QSOP4;;1.0
4323;8807.0;2002-11-12;2002-11-12;WWAP0;;0.0
4324;5901.0;2002-11-13;2002-11-13;WWAP3;;38.0
4325;4536.0;2002-11-14;2002-11-14;BVAA3;;46.0
4326;6270.0;2002-11-14;2002-11-14;XDFF3;;25.0
4327;655.0;2002-11-15;2002-11-15;BVAA3;;14.0
4328;6124.0;2002-11-16;2002-11-16;QSOP3;;23.0
4329;6302.0;2002-11-16;2002-11-16;QPYG1;;41.0
4330;8627.0;2002-11-17;2002-11-17;QPYG1;;43.0
4331;6242.0;2002-11-17;2002-11-17;XSZZ4;;3.0
4332;8666.0;2002-11-17;2002-11-17;NVHH4;;5.0
4333;50.0;2002-11-19;2002-11-19;XSZZ0;;19.0
4334;11419.0;2002-11-19;2002-11-19;JNDD2;;47.0
4335;5167.0;2002-11-20;2002-11-20;JNDD1;;18.0
4336;4932.0;2002-11-20;2002-11-20;HBCC0;;37.0
4337;11619.0;2002-11-20;2002-11-20;QAFD2;;28.0
4338;6300.0;2002-11-21;2002-11-21;HBCC4;;38.0
4339;5792.0;2002-11-23;2002-11-23;HBCC4;;17.0
4340;620.0;2002-11-24;2002-11-24;XSZZ0;;18.0
4341;6012.0;2002-11-24;2002-11-24;HBCC0;;28.0
4342;10316.0;2002-11-24;2002-11-24;LMFF1;;14.0
4343;5403.0;2002-11-25;2002-11-25;OKTT0;;31.0
4344;9591.0;2002-11-25;2002-11-25;BVAA3;;12.0
4345;5219.0;2002-11-27;2002-11-27;XSZZ2;;20.0
4346;10878.0;2002-11-28;2002-11-28;NVHH3;;2.0
4347;5556.0;2002-11-30;2002-11-30;XDFF1;;4.0
4348;6310.0;2002-12-01;2002-12-01;XSZZ0;;17.0
4349;5838.0;2002-12-01;2002-12-01;HBCC3;;9.0
4350;4469.0;2002-12-03;2002-12-03;WWAP2;;49.0
4351;10309.0;2002-12-05;2002-12-05;QPYG1;;11.0
4352;8603.0;2002-12-07;2002-12-07;OKTT1;;21.0
4353;5202.0;2002-12-08;2002-12-08;BVAA0;;6.0
4354;11624.0;2002-12-08;2002-12-08;QPYG3;;33.0
4355;4723.0;2002-12-09;2002-12-09;NVHH0;;39.0
4356;6441.0;2002-12-10;2002-12-10;WDFE4;;12.0
4357;1387.0;2002-12-11;2002-12-11;XDFF2;;9.0
4358;5437.0;2002-12-11;2002-12-11;WWAP1;;37.0
4359;8585.0;2002-12-11;2002-12-11;QSOP4;;15.0
4360;5965.0;2002-12-12;2002-12-12;WDFE3;;28.0
4361;5397.0;2002-12-14;2002-12-14;QAFD1;;23.0
4362;6386.0;2002-12-15;2002-12-15;WDFE4;;1.0
4363;4772.0;2002-12-16;2002-12-16;XSZZ3;;15.0
4364;5929.0;2002-12-16;2002-12-16;XSZZ4;;39.0
4365;11184.0;2002-12-16;2002-12-16;WWAP0;;37.0
4366;5242.0;2002-12-17;2002-12-17;JNDD3;;44.0
4367;8582.0;2002-12-17;2002-12-17;QPYG3;;2.0
4368;10904.0;2002-12-20;2002-12-20;QPYG2;;50.0
4369;6262.0;2002-12-22;2002-12-22;QAFD2;;13.0
4370;6257.0;2002-12-22;2002-12-22;HBCC0;;29.0
4371;4671.0;2002-12-23;2002-12-23;XSZZ0;;26.0
4372;11799.0;2002-12-23;2002-12-23;XSZZ1;;15.0
4373;4598.0;2002-12-25;2002-12-25;WWAP3;;3.0
4374;8467.0;2002-12-25;2002-12-25;XSZZ2;;30.0
4375;11336.0;2002-12-26;2002-12-26;WWAP2;;39.0
4376;4306.0;2002-12-27;2002-12-27;QSOP4;;32.0
4377;100.0;2002-12-28;2002-12-28;QPYG2;;33.0
4378;5222.0;2002-12-28;2002-12-28;QAFD4;;8.0
4379;6176.0;2002-12-29;2002-12-29;QSOP4;;0.0
4380;4895.0;2002-12-30;2002-12-30;OKTT4;;9.0
4381;6285.0;2002-12-30;2002-12-30;BVAA3;;31.0
4382;11875.0;2002-12-30;2002-12-30;QSOP4;;42.0
4383;5178.0;2003-01-01;2003-01-01;QSOP4;;7.0
4384;6142.0;2003-01-02;2003-01-02;BVAA3;;42.0
4385;11370.0;2003-01-03;2003-01-03;XSZZ3;;26.0
4386;775.0;2003-01-05;2003-01-05;HBCC2;;30.0
4387;5853.0;2003-01-05;2003-01-05;OKTT0;;26.0
4388;5672.0;2003-01-05;2003-01-05;WDFE4;;39.0
4389;9051.0;2003-01-05;2003-01-05;HBCC3;;21.0
4390;6271.0;2003-01-06;2003-01-06;QSOP1;;48.0
4391;9555.0;2003-01-06;2003-01-06;XSZZ1;;37.0
4392;4959.0;2003-01-08;2003-01-08;JNDD1;;28.0
4393;6418.0;2003-01-08;2003-01-08;XDFF3;;43.0
4394;6464.0;2003-01-09;2003-01-09;WWAP2;;1.0
4395;10520.0;2003-01-09;2003-01-09;WDFE2;;7.0
4396;6485.0;2003-01-10;2003-01-10;OKTT1;;4.0
4397;10880.0;2003-01-10;2003-01-10;HBCC4;;1.0
4398;2800.0;2003-01-13;2003-01-13;QPYG3;;44.0
4399;10488.0;2003-01-14;2003-01-14;BVAA3;;45.0
4400;6363.0;2003-01-15;2003-01-15;XSZZ1;;37.0
4401;1359.0;2003-01-16;2003-01-16;BVAA2;;22.0
4402;6141.0;2003-01-17;2003-01-17;LMFF1;;20.0
4403;11906.0;2003-01-17;2003-01-17;QSOP4;;38.0
4404;11589.0;2003-01-19;2003-01-19;QSOP3;;29.0
4405;5209.0;2003-01-20;2003-01-20;WWAP1;;9.0
4406;1464.0;2003-01-21;2003-01-21;WWAP1;;41.0
4407;4772.0;2003-01-21;2003-01-21;JNDD2;;26.0
4408;4772.0;2003-01-21;2003-01-21;QPYG2;;9.0
4409;4961.0;2003-01-21;2003-01-21;XSZZ1;;1.0
4410;10929.0;2003-01-21;2003-01-21;BVAA4;;37.0
4411;6271.0;2003-01-22;2003-01-22;QSOP2;;2.0
4412;9109.0;2003-01-22;2003-01-22;HBCC4;;17.0
4413;5965.0;2003-01-23;2003-01-23;HBCC2;;18.0
4414;6070.0;2003-01-23;2003-01-23;XDFF4;;10.0
4415;11173.0;2003-01-23;2003-01-23;OKTT1;;19.0
4416;9941.0;2003-01-25;2003-01-25;BVAA1;;1.0
4417;4881.0;2003-01-26;2003-01-26;QSOP1;;29.0
4418;5009.0;2003-01-26;2003-01-26;LMFF0;;40.0
4419;5718.0;2003-01-27;2003-01-27;XSZZ0;;5.0
4420;1351.0;2003-01-28;2003-01-28;XDFF4;;3.0
4421;6545.0;2003-01-28;2003-01-28;WDFE1;;16.0
4422;2964.0;2003-01-28;2003-01-28;QAFD1;;14.0
4423;5007.0;2003-01-28;2003-01-28;XDFF3;;10.0
4424;6264.0;2003-01-29;2003-01-29;XSZZ3;;23.0
4425;4757.0;2003-01-30;2003-01-30;QSOP4;;43.0
4426;8305.0;2003-01-30;2003-01-30;WWAP1;;49.0
4427;6012.0;2003-01-31;2003-01-31;JNDD3;;17.0
4428;5914.0;2003-01-31;2003-01-31;XSZZ0;;31.0
4429;5009.0;2003-02-01;2003-02-01;BVAA1;;3.0
4430;4772.0;2003-02-02;2003-02-02;WDFE2;;50.0
4431;10184.0;2003-02-02;2003-02-02;OKTT4;;10.0
4432;5633.0;2003-02-03;2003-02-03;NVHH2;;23.0
4433;5007.0;2003-02-04;2003-02-04;NVHH3;;7.0
4434;5829.0;2003-02-04;2003-02-04;LMFF1;;13.0
4435;9600.0;2003-02-04;2003-02-04;QPYG3;;38.0
4436;5865.0;2003-02-06;2003-02-06;OKTT1;;11.0
4437;11442.0;2003-02-06;2003-02-06;QSOP0;;0.0
4438;11766.0;2003-02-07;2003-02-07;BVAA4;;26.0
4439;5737.0;2003-02-08;2003-02-08;HBCC4;;16.0
4440;5478.0;2003-02-08;2003-02-08;JNDD3;;21.0
4441;5672.0;2003-02-08;2003-02-08;QPYG3;;42.0
4442;4224.0;2003-02-09;2003-02-09;WWAP4;;46.0
4443;110.0;2003-02-10;2003-02-10;QPYG3;;49.0
4444;11762.0;2003-02-10;2003-02-10;QSOP2;;46.0
4445;276.0;2003-02-11;2003-02-11;NVHH2;;25.0
4446;5400.0;2003-02-11;2003-02-11;WWAP4;;25.0
4447;7074.0;2003-02-11;2003-02-11;JNDD4;;23.0
4448;4532.0;2003-02-11;2003-02-11;XDFF3;;29.0
4449;4174.0;2003-02-12;2003-02-12;JNDD0;;16.0
4450;5263.0;2003-02-12;2003-02-12;OKTT3;;47.0
4451;2984.0;2003-02-16;2003-02-16;QAFD0;;14.0
4452;5606.0;2003-02-17;2003-02-17;OKTT1;;28.0
4453;5870.0;2003-02-17;2003-02-17;XSZZ0;;20.0
4454;5606.0;2003-02-18;2003-02-18;XDFF0;;28.0
4455;7125.0;2003-02-18;2003-02-18;BVAA0;;15.0
4456;5242.0;2003-02-19;2003-02-19;QPYG3;;8.0
4457;11769.0;2003-02-21;2003-02-21;QSOP2;;1.0
4458;11616.0;2003-02-22;2003-02-22;QPYG4;;26.0
4459;5009.0;2003-02-23;2003-02-23;WDFE3;;49.0
4460;4481.0;2003-02-23;2003-02-23;NVHH1;;25.0
4461;5202.0;2003-02-23;2003-02-23;QPYG4;;39.0
4462;5175.0;2003-02-25;2003-02-25;JNDD4;;38.0
4463;5965.0;2003-02-25;2003-02-25;XSZZ1;;45.0
4464;11397.0;2003-02-25;2003-02-25;OKTT0;;24.0
4465;4902.0;2003-02-26;2003-02-26;QSOP1;;40.0
4466;5726.0;2003-02-26;2003-02-26;XDFF4;;46.0
4467;10095.0;2003-02-26;2003-02-26;QSOP4;;17.0
4468;1531.0;2003-02-27;2003-02-27;QSOP3;;30.0
4469;7146.0;2003-02-27;2003-02-27;QPYG4;;20.0
4470;9137.0;2003-02-27;2003-02-27;QPYG2;;0.0
4471;5804.0;2003-03-02;2003-03-02;XSZZ4;;27.0
4472;11907.0;2003-03-02;2003-03-02;QSOP1;;13.0
4473;5814.0;2003-03-04;2003-03-04;XSZZ2;;10.0
4474;5009.0;2003-03-04;2003-03-04;QSOP3;;24.0
4475;9247.0;2003-03-06;2003-03-06;JNDD1;;36.0
4476;11587.0;2003-03-07;2003-03-07;BVAA4;;23.0
4477;4459.0;2003-03-08;2003-03-08;WWAP4;;49.0
4478;5723.0;2003-03-09;2003-03-09;XSZZ1;;11.0
4479;9337.0;2003-03-09;2003-03-09;XSZZ1;;24.0
4480;1239.0;2003-03-10;2003-03-10;NVHH0;;4.0
4481;6464.0;2003-03-10;2003-03-10;XSZZ3;;34.0
4482;11384.0;2003-03-11;2003-03-11;XSZZ1;;50.0
4483;4466.0;2003-03-12;2003-03-12;JNDD0;;17.0
4484;5009.0;2003-03-12;2003-03-12;OKTT0;;10.0
4485;5006.0;2003-03-14;2003-03-14;JNDD3;;1.0
4486;5524.0;2003-03-14;2003-03-14;XDFF0;;38.0
4487;6371.0;2003-03-14;2003-03-14;NVHH0;;20.0
4488;8832.0;2003-03-14;2003-03-14;OKTT0;;14.0
4489;6191.0;2003-03-15;2003-03-15;OKTT3;;37.0
4490;1575.0;2003-03-16;2003-03-16;WWAP2;;18.0
4491;5235.0;2003-03-16;2003-03-16;QSOP1;;30.0
4492;11282.0;2003-03-16;2003-03-16;NVHH3;;36.0
4493;10816.0;2003-03-16;2003-03-16;HBCC2;;0.0
4494;6009.0;2003-03-21;2003-03-21;BVAA3;;24.0
4495;6538.0;2003-03-21;2003-03-21;WWAP4;;13.0
4496;6415.0;2003-03-23;2003-03-23;NVHH2;;18.0
4497;10037.0;2003-03-23;2003-03-23;XSZZ1;;30.0
4498;9795.0;2003-03-23;2003-03-23;XSZZ2;;48.0
4499;6295.0;2003-03-24;2003-03-24;XSZZ3;;10.0
4500;4994.0;2003-03-24;2003-03-24;WDFE4;;14.0
4501;4470.0;2003-03-25;2003-03-25;WDFE4;;44.0
4502;9878.0;2003-03-25;2003-03-25;OKTT1;;21.0
4503;998.0;2003-03-26;2003-03-26;XSZZ3;;39.0
4504;6388.0;2003-03-26;2003-03-26;QAFD0;;31.0
4505;5009.0;2003-03-28;2003-03-28;QSOP3;;16.0
4506;5868.0;2003-03-29;2003-03-29;QPYG1;;11.0
4507;4772.0;2003-03-29;2003-03-29;WDFE0;;50.0
4508;1106.0;2003-03-31;2003-03-31;QAFD0;;34.0
4509;4752.0;2003-03-31;2003-03-31;QSOP3;;39.0
4510;5566.0;2003-03-31;2003-03-31;HBCC4;;21.0
4511;8477.0;2003-04-02;2003-04-02;XSZZ1;;24.0
4512;9425.0;2003-04-02;2003-04-02;NVHH3;;14.0
4513;6286.0;2003-04-03;2003-04-03;WDFE0;;8.0
4514;4458.0;2003-04-03;2003-04-03;QAFD4;;29.0
4515;4644.0;2003-04-03;2003-04-03;XSZZ1;;36.0
4516;11780.0;2003-04-03;2003-04-03;BVAA2;;46.0
4517;6264.0;2003-04-04;2003-04-04;WDFE1;;46.0
4518;822.0;2003-04-05;2003-04-05;XDFF4;;8.0
4519;4524.0;2003-04-05;2003-04-05;QPYG1;;5.0
4520;5439.0;2003-04-05;2003-04-05;WWAP0;;32.0
4521;8911.0;2003-04-05;2003-04-05;WWAP0;;16.0
4522;6396.0;2003-04-06;2003-04-06;JNDD0;;3.0
4523;10243.0;2003-04-06;2003-04-06;OKTT1;;37.0
4524;2947.0;2003-04-07;2003-04-07;XSZZ0;;37.0
4525;4518.0;2003-04-07;2003-04-07;OKTT3;;18.0
4526;243.0;2003-04-08;2003-04-08;NVHH3;;26.0
4527;4614.0;2003-04-10;2003-04-10;JNDD4;;48.0
4528;4492.0;2003-04-11;2003-04-11;BVAA0;;23.0
4529;11578.0;2003-04-11;2003-04-11;QSOP1;;32.0
4530;11425.0;2003-04-12;2003-04-12;JNDD2;;27.0
4531;11055.0;2003-04-13;2003-04-13;OKTT0;;45.0
4532;4880.0;2003-04-15;2003-04-15;XSZZ1;;20.0
4533;10977.0;2003-04-15;2003-04-15;BVAA2;;8.0
4534;9639.0;2003-04-15;2003-04-15;QSOP4;;32.0
4535;6195.0;2003-04-16;2003-04-16;BVAA1;;1.0
4536;5441.0;2003-04-16;2003-04-16;NVHH2;;9.0
4537;8432.0;2003-04-17;2003-04-17;HBCC3;;4.0
4538;9923.0;2003-04-17;2003-04-17;WWAP3;;24.0
4539;11479.0;2003-04-17;2003-04-17;XDFF4;;24.0
4540;11520.0;2003-04-18;2003-04-18;QPYG2;;19.0
4541;5131.0;2003-04-19;2003-04-19;HBCC0;;15.0
4542;10911.0;2003-04-19;2003-04-19;WDFE4;;29.0
4543;8603.0;2003-04-19;2003-04-19;OKTT3;;2.0
4544;11674.0;2003-04-19;2003-04-19;QPYG3;;46.0
4545;2911.0;2003-04-21;2003-04-21;BVAA4;;7.0
4546;6345.0;2003-04-22;2003-04-22;QAFD4;;24.0
4547;6503.0;2003-04-23;2003-04-23;WWAP2;;46.0
4548;8773.0;2003-04-23;2003-04-23;OKTT3;;15.0
4549;11601.0;2003-04-24;2003-04-24;QPYG1;;20.0
4550;101.0;2003-04-25;2003-04-25;QAFD4;;33.0
4551;228.0;2003-04-26;2003-04-26;JNDD2;;3.0
4552;1116.0;2003-04-26;2003-04-26;JNDD4;;15.0
4553;4733.0;2003-04-26;2003-04-26;WWAP0;;17.0
4554;5647.0;2003-04-26;2003-04-26;OKTT2;;36.0
4555;5566.0;2003-04-26;2003-04-26;BVAA1;;27.0
4556;6521.0;2003-05-01;2003-05-01;QPYG4;;13.0
4557;6037.0;2003-05-02;2003-05-02;XSZZ0;;48.0
4558;4694.0;2003-05-02;2003-05-02;WWAP3;;14.0
4559;1011.0;2003-05-03;2003-05-03;HBCC3;;48.0
4560;76.0;2003-05-05;2003-05-05;QSOP3;;31.0
4561;6386.0;2003-05-05;2003-05-05;XSZZ3;;2.0
4562;10694.0;2003-05-05;2003-05-05;NVHH2;;8.0
4563;4537.0;2003-05-07;2003-05-07;BVAA1;;8.0
4564;6210.0;2003-05-07;2003-05-07;JNDD0;;41.0
4565;8624.0;2003-05-09;2003-05-09;QPYG0;;4.0
4566;6037.0;2003-05-10;2003-05-10;HBCC2;;5.0
4567;5153.0;2003-05-11;2003-05-11;HBCC2;;16.0
4568;499.0;2003-05-12;2003-05-12;BVAA0;;50.0
4569;2889.0;2003-05-12;2003-05-12;WWAP3;;11.0
4570;2809.0;2003-05-13;2003-05-13;WDFE4;;21.0
4571;6276.0;2003-05-16;2003-05-16;JNDD4;;0.0
4572;4289.0;2003-05-20;2003-05-20;XDFF3;;9.0
4573;10874.0;2003-05-21;2003-05-21;OKTT0;;33.0
4574;6100.0;2003-05-22;2003-05-22;LMFF2;;30.0
4575;7073.0;2003-05-22;2003-05-22;BVAA1;;37.0
4576;8674.0;2003-05-22;2003-05-22;WDFE2;;13.0
4577;5512.0;2003-05-22;2003-05-22;XSZZ4;;20.0
4578;1402.0;2003-05-24;2003-05-24;NVHH3;;48.0
4579;5737.0;2003-05-24;2003-05-24;WDFE4;;20.0
4580;6310.0;2003-05-24;2003-05-24;XDFF1;;15.0
4581;10982.0;2003-05-24;2003-05-24;QSOP4;;23.0
4582;367.0;2003-05-26;2003-05-26;XDFF2;;24.0
4583;5453.0;2003-05-27;2003-05-27;BVAA1;;2.0
4584;5889.0;2003-05-28;2003-05-28;BVAA0;;33.0
4585;5009.0;2003-05-29;2003-05-29;JNDD4;;4.0
4586;5843.0;2003-05-29;2003-05-29;LMFF1;;38.0
4587;6160.0;2003-05-29;2003-05-29;QSOP0;;11.0
4588;4644.0;2003-06-01;2003-06-01;QPYG4;;9.0
4589;9592.0;2003-06-01;2003-06-01;QSOP2;;8.0
4590;6.0;2003-06-02;2003-06-02;OKTT3;;17.0
4591;5433.0;2003-06-02;2003-06-02;WWAP1;;2.0
4592;10885.0;2003-06-02;2003-06-02;WWAP2;;36.0
4593;5858.0;2003-06-04;2003-06-04;XSZZ4;;49.0
4594;6123.0;2003-06-04;2003-06-04;LMFF1;;37.0
4595;11361.0;2003-06-04;2003-06-04;HBCC4;;36.0
4596;11570.0;2003-06-06;2003-06-06;OKTT1;;2.0
4597;169.0;2003-06-07;2003-06-07;QSOP0;;11.0
4598;11815.0;2003-06-07;2003-06-07;WDFE4;;49.0
4599;6383.0;2003-06-08;2003-06-08;QPYG0;;1.0
4600;6167.0;2003-06-08;2003-06-08;WDFE0;;46.0
4601;9282.0;2003-06-09;2003-06-09;WDFE1;;46.0
4602;11532.0;2003-06-11;2003-06-11;HBCC0;;33.0
4603;5263.0;2003-06-12;2003-06-12;HBCC4;;29.0
4604;5841.0;2003-06-12;2003-06-12;XSZZ1;;45.0
4605;6009.0;2003-06-13;2003-06-13;QSOP1;;6.0
4606;8492.0;2003-06-13;2003-06-13;OKTT2;;18.0
4607;6144.0;2003-06-14;2003-06-14;XDFF2;;18.0
4608;8598.0;2003-06-14;2003-06-14;QPYG2;;1.0
4609;11259.0;2003-06-14;2003-06-14;OKTT0;;29.0
4610;10901.0;2003-06-16;2003-06-16;JNDD0;;43.0
4611;10964.0;2003-06-16;2003-06-16;NVHH4;;18.0
4612;611.0;2003-06-18;2003-06-18;WWAP4;;40.0
4613;4489.0;2003-06-18;2003-06-18;WDFE4;;33.0
4614;11195.0;2003-06-18;2003-06-18;XSZZ2;;10.0
4615;5956.0;2003-06-19;2003-06-19;BVAA0;;14.0
4616;7095.0;2003-06-19;2003-06-19;NVHH4;;30.0
4617;5992.0;2003-06-19;2003-06-19;XDFF2;;25.0
4618;11961.0;2003-06-19;2003-06-19;HBCC4;;0.0
4619;5731.0;2003-06-20;2003-06-20;QAFD4;;16.0
4620;5420.0;2003-06-20;2003-06-20;JNDD0;;45.0
4621;4694.0;2003-06-20;2003-06-20;QSOP3;;40.0
4622;10316.0;2003-06-20;2003-06-20;JNDD1;;3.0
4623;1493.0;2003-06-21;2003-06-21;QAFD1;;14.0
4624;6165.0;2003-06-21;2003-06-21;BVAA0;;28.0
4625;9515.0;2003-06-21;2003-06-21;QSOP0;;45.0
4626;6426.0;2003-06-22;2003-06-22;XSZZ0;;39.0
4627;6123.0;2003-06-23;2003-06-23;WWAP2;;10.0
4628;6543.0;2003-06-23;2003-06-23;QPYG2;;38.0
4629;11764.0;2003-06-24;2003-06-24;OKTT4;;33.0
4630;4772.0;2003-06-25;2003-06-25;QPYG1;;15.0
4631;2917.0;2003-06-27;2003-06-27;WWAP1;;15.0
4632;11287.0;2003-06-28;2003-06-28;BVAA2;;37.0
4633;8913.0;2003-06-29;2003-06-29;WDFE2;;36.0
4634;980.0;2003-06-30;2003-06-30;JNDD0;;1.0
4635;11294.0;2003-07-01;2003-07-01;XDFF1;;46.0
4636;6211.0;2003-07-02;2003-07-02;QPYG4;;9.0
4637;10861.0;2003-07-02;2003-07-02;QPYG0;;47.0
4638;137.0;2003-07-04;2003-07-04;QAFD1;;30.0
4639;11048.0;2003-07-04;2003-07-04;QSOP1;;0.0
4640;4525.0;2003-07-05;2003-07-05;BVAA0;;47.0
4641;10546.0;2003-07-05;2003-07-05;JNDD0;;14.0
4642;761.0;2003-07-06;2003-07-06;XSZZ0;;35.0
4643;5617.0;2003-07-06;2003-07-06;WDFE2;;14.0
4644;8616.0;2003-07-06;2003-07-06;HBCC4;;2.0
4645;801.0;2003-07-07;2003-07-07;BVAA0;;13.0
4646;6213.0;2003-07-07;2003-07-07;QAFD1;;16.0
4647;10911.0;2003-07-08;2003-07-08;OKTT2;;19.0
4648;870.0;2003-07-09;2003-07-09;BVAA0;;49.0
4649;11692.0;2003-07-09;2003-07-09;QAFD1;;12.0
4650;11344.0;2003-07-10;2003-07-10;WWAP4;;24.0
4651;5188.0;2003-07-11;2003-07-11;WDFE4;;50.0
4652;201.0;2003-07-12;2003-07-12;OKTT1;;24.0
4653;5477.0;2003-07-12;2003-07-12;HBCC4;;13.0
4654;5923.0;2003-07-13;2003-07-13;OKTT4;;21.0
4655;5865.0;2003-07-14;2003-07-14;HBCC0;;4.0
4656;6133.0;2003-07-14;2003-07-14;NVHH0;;50.0
4657;112.0;2003-07-15;2003-07-15;QSOP0;;7.0
4658;5959.0;2003-07-15;2003-07-15;WDFE4;;8.0
4659;6141.0;2003-07-15;2003-07-15;OKTT3;;20.0
4660;6165.0;2003-07-16;2003-07-16;WDFE4;;31.0
4661;5201.0;2003-07-17;2003-07-17;NVHH1;;46.0
4662;11821.0;2003-07-17;2003-07-17;WDFE0;;43.0
4663;6340.0;2003-07-19;2003-07-19;HBCC4;;50.0
4664;8470.0;2003-07-19;2003-07-19;QSOP4;;45.0
4665;9842.0;2003-07-20;2003-07-20;BVAA0;;19.0
4666;4236.0;2003-07-21;2003-07-21;JNDD0;;0.0
4667;454.0;2003-07-22;2003-07-22;XSZZ0;;39.0
4668;6488.0;2003-07-22;2003-07-22;LMFF2;;33.0
4669;6390.0;2003-07-22;2003-07-22;HBCC4;;37.0
4670;5492.0;2003-07-22;2003-07-22;NVHH3;;41.0
4671;478.0;2003-07-23;2003-07-23;XSZZ4;;45.0
4672;5457.0;2003-07-23;2003-07-23;QPYG2;;31.0
4673;8765.0;2003-07-24;2003-07-24;XSZZ1;;6.0
4674;1291.0;2003-07-26;2003-07-26;QPYG3;;20.0
4675;7333.0;2003-07-26;2003-07-26;HBCC0;;9.0
4676;1496.0;2003-07-27;2003-07-27;XSZZ2;;38.0
4677;4496.0;2003-07-27;2003-07-27;WDFE0;;38.0
4678;4958.0;2003-07-28;2003-07-28;OKTT4;;32.0
4679;4053.0;2003-07-28;2003-07-28;WDFE1;;49.0
4680;1549.0;2003-07-31;2003-07-31;WDFE4;;21.0
4681;4487.0;2003-07-31;2003-07-31;BVAA2;;15.0
4682;6257.0;2003-07-31;2003-07-31;QPYG0;;3.0
4683;5219.0;2003-08-01;2003-08-01;JNDD1;;48.0
4684;190.0;2003-08-02;2003-08-02;QPYG1;;18.0
4685;5584.0;2003-08-03;2003-08-03;WDFE2;;47.0
4686;6474.0;2003-08-05;2003-08-05;QPYG1;;5.0
4687;970.0;2003-08-06;2003-08-06;QSOP4;;0.0
4688;1554.0;2003-08-06;2003-08-06;NVHH1;;30.0
4689;5696.0;2003-08-07;2003-08-07;BVAA1;;22.0
4690;5918.0;2003-08-07;2003-08-07;BVAA0;;0.0
4691;162.0;2003-08-08;2003-08-08;OKTT2;;11.0
4692;6494.0;2003-08-08;2003-08-08;QAFD0;;22.0
4693;843.0;2003-08-10;2003-08-10;QPYG2;;21.0
4694;905.0;2003-08-11;2003-08-11;QAFD1;;10.0
4695;4492.0;2003-08-11;2003-08-11;JNDD3;;24.0
4696;8821.0;2003-08-11;2003-08-11;LMFF1;;38.0
4697;8885.0;2003-08-12;2003-08-12;WDFE0;;42.0
4698;4507.0;2003-08-14;2003-08-14;WWAP4;;36.0
4699;11289.0;2003-08-15;2003-08-15;BVAA2;;23.0
4700;5154.0;2003-08-16;2003-08-16;JNDD3;;7.0
4701;1182.0;2003-08-17;2003-08-17;XDFF4;;41.0
4702;4772.0;2003-08-17;2003-08-17;WWAP2;;40.0
4703;5742.0;2003-08-18;2003-08-18;BVAA3;;50.0
4704;4948.0;2003-08-19;2003-08-19;QSOP2;;10.0
4705;934.0;2003-08-21;2003-08-21;XSZZ4;;36.0
4706;4972.0;2003-08-21;2003-08-21;XDFF2;;16.0
4707;4466.0;2003-08-22;2003-08-22;HBCC3;;34.0
4708;5457.0;2003-08-23;2003-08-23;JNDD3;;27.0
4709;11767.0;2003-08-23;2003-08-23;LMFF0;;49.0
4710;2804.0;2003-08-24;2003-08-24;BVAA1;;3.0
4711;6191.0;2003-08-24;2003-08-24;BVAA0;;42.0
4712;4930.0;2003-08-25;2003-08-25;QSOP2;;5.0
4713;8379.0;2003-08-25;2003-08-25;BVAA2;;32.0
4714;2938.0;2003-08-27;2003-08-27;JNDD1;;27.0
4715;4470.0;2003-08-27;2003-08-27;BVAA3;;21.0
4716;11363.0;2003-08-27;2003-08-27;JNDD4;;22.0
4717;5861.0;2003-08-29;2003-08-29;HBCC1;;40.0
4718;5147.0;2003-08-31;2003-08-31;QAFD0;;40.0
4719;10089.0;2003-08-31;2003-08-31;XSZZ1;;44.0
4720;6530.0;2003-09-01;2003-09-01;XSZZ1;;17.0
4721;6164.0;2003-09-01;2003-09-01;WWAP0;;2.0
4722;10504.0;2003-09-03;2003-09-03;JNDD2;;36.0
4723;951.0;2003-09-04;2003-09-04;WDFE0;;7.0
4724;6238.0;2003-09-05;2003-09-05;OKTT1;;32.0
4725;2705.0;2003-09-06;2003-09-06;BVAA4;;44.0
4726;5622.0;2003-09-07;2003-09-07;WWAP2;;35.0
4727;4772.0;2003-09-11;2003-09-11;BVAA0;;28.0
4728;5009.0;2003-09-11;2003-09-11;HBCC0;;47.0
4729;9293.0;2003-09-11;2003-09-11;XDFF3;;48.0
4730;6190.0;2003-09-15;2003-09-15;OKTT0;;31.0
4731;5424.0;2003-09-15;2003-09-15;BVAA3;;42.0
4732;6165.0;2003-09-16;2003-09-16;WWAP4;;31.0
4733;9718.0;2003-09-16;2003-09-16;HBCC2;;19.0
4734;11355.0;2003-09-16;2003-09-16;NVHH4;;22.0
4735;6551.0;2003-09-19;2003-09-19;BVAA3;;35.0
4736;5425.0;2003-09-19;2003-09-19;WWAP4;;40.0
4737;6237.0;2003-09-20;2003-09-20;LMFF2;;0.0
4738;4723.0;2003-09-20;2003-09-20;QSOP0;;27.0
4739;6037.0;2003-09-22;2003-09-22;JNDD1;;46.0
4740;5437.0;2003-09-23;2003-09-23;WWAP0;;18.0
4741;5719.0;2003-09-24;2003-09-24;XSZZ4;;5.0
4742;4960.0;2003-09-24;2003-09-24;OKTT0;;31.0
4743;8619.0;2003-09-25;2003-09-25;QAFD3;;45.0
4744;2918.0;2003-09-27;2003-09-27;XSZZ2;;13.0
4745;4772.0;2003-09-28;2003-09-28;XSZZ2;;1.0
4746;5147.0;2003-09-28;2003-09-28;XSZZ2;;37.0
4747;8589.0;2003-10-01;2003-10-01;XSZZ3;;5.0
4748;6282.0;2003-10-02;2003-10-02;XSZZ0;;30.0
4749;10867.0;2003-10-02;2003-10-02;XSZZ3;;10.0
4750;5617.0;2003-10-03;2003-10-03;LMFF2;;49.0
4751;4772.0;2003-10-05;2003-10-05;WDFE2;;33.0
4752;10081.0;2003-10-05;2003-10-05;QSOP2;;42.0
4753;6053.0;2003-10-07;2003-10-07;OKTT3;;22.0
4754;7094.0;2003-10-07;2003-10-07;WWAP3;;28.0
4755;6468.0;2003-10-09;2003-10-09;XDFF2;;48.0
4756;5482.0;2003-10-10;2003-10-10;XSZZ2;;46.0
4757;5126.0;2003-10-10;2003-10-10;WDFE4;;8.0
4758;6465.0;2003-10-11;2003-10-11;NVHH1;;22.0
4759;5817.0;2003-10-12;2003-10-12;OKTT1;;12.0
4760;5453.0;2003-10-14;2003-10-14;WWAP3;;28.0
4761;5914.0;2003-10-14;2003-10-14;NVHH0;;10.0
4762;5744.0;2003-10-15;2003-10-15;BVAA0;;0.0
4763;92.0;2003-10-16;2003-10-16;WWAP0;;50.0
4764;4960.0;2003-10-17;2003-10-17;XDFF0;;21.0
4765;11011.0;2003-10-17;2003-10-17;OKTT4;;13.0
4766;11107.0;2003-10-18;2003-10-18;QSOP2;;10.0
4767;6168.0;2003-10-20;2003-10-20;QSOP2;;46.0
4768;1404.0;2003-10-22;2003-10-22;LMFF1;;39.0
4769;11098.0;2003-10-22;2003-10-22;QSOP2;;37.0
4770;10095.0;2003-10-22;2003-10-22;BVAA1;;30.0
4771;5009.0;2003-10-24;2003-10-24;WDFE0;;26.0
4772;11173.0;2003-10-24;2003-10-24;QAFD3;;44.0
4773;5128.0;2003-10-25;2003-10-25;BVAA2;;17.0
4774;5452.0;2003-10-26;2003-10-26;WWAP0;;22.0
4775;5194.0;2003-10-28;2003-10-28;JNDD4;;40.0
4776;6522.0;2003-10-28;2003-10-28;QPYG1;;32.0
4777;11083.0;2003-10-28;2003-10-28;QPYG0;;27.0
4778;8654.0;2003-10-29;2003-10-29;WWAP1;;28.0
4779;6405.0;2003-10-29;2003-10-29;LMFF2;;8.0
4780;6210.0;2003-10-30;2003-10-30;WWAP2;;10.0
4781;11415.0;2003-10-30;2003-10-30;QAFD0;;29.0
4782;5445.0;2003-11-02;2003-11-02;HBCC3;;12.0
4783;5918.0;2003-11-02;2003-11-02;BVAA2;;47.0
4784;11217.0;2003-11-02;2003-11-02;BVAA4;;27.0
4785;8751.0;2003-11-02;2003-11-02;WDFE2;;4.0
4786;5537.0;2003-11-03;2003-11-03;HBCC3;;33.0
4787;6225.0;2003-11-03;2003-11-03;XDFF2;;15.0
4788;11157.0;2003-11-03;2003-11-03;QPYG4;;40.0
4789;8504.0;2003-11-04;2003-11-04;JNDD3;;28.0
4790;5889.0;2003-11-06;2003-11-06;QAFD1;;3.0
4791;8942.0;2003-11-06;2003-11-06;WDFE1;;35.0
4792;5795.0;2003-11-07;2003-11-07;QPYG3;;7.0
4793;5478.0;2003-11-08;2003-11-08;HBCC4;;14.0
4794;8978.0;2003-11-08;2003-11-08;WWAP2;;19.0
4795;5569.0;2003-11-10;2003-11-10;BVAA1;;22.0
4796;7223.0;2003-11-10;2003-11-10;BVAA3;;50.0
4797;8912.0;2003-11-11;2003-11-11;BVAA1;;17.0
4798;4867.0;2003-11-12;2003-11-12;JNDD1;;38.0
4799;4888.0;2003-11-12;2003-11-12;NVHH0;;1.0
4800;11891.0;2003-11-12;2003-11-12;QPYG3;;49.0
4801;1088.0;2003-11-14;2003-11-14;HBCC4;;1.0
4802;9196.0;2003-11-16;2003-11-16;JNDD4;;47.0
4803;7206.0;2003-11-17;2003-11-17;XSZZ2;;50.0
4804;11474.0;2003-11-17;2003-11-17;BVAA0;;34.0
4805;11463.0;2003-11-19;2003-11-19;WWAP3;;31.0
4806;6245.0;2003-11-22;2003-11-22;NVHH1;;15.0
4807;5458.0;2003-11-23;2003-11-23;NVHH1;;16.0
4808;5187.0;2003-11-23;2003-11-23;QPYG4;;5.0
4809;374.0;2003-11-24;2003-11-24;OKTT2;;49.0
4810;5829.0;2003-11-24;2003-11-24;QPYG1;;35.0
4811;5916.0;2003-11-25;2003-11-25;JNDD1;;28.0
4812;5984.0;2003-11-25;2003-11-25;XDFF0;;41.0
4813;4772.0;2003-11-25;2003-11-25;XDFF3;;2.0
4814;6501.0;2003-11-27;2003-11-27;QPYG1;;2.0
4815;6085.0;2003-11-28;2003-11-28;WWAP0;;24.0
4816;6166.0;2003-11-28;2003-11-28;WDFE2;;9.0
4817;7093.0;2003-11-28;2003-11-28;WWAP0;;24.0
4818;6545.0;2003-11-28;2003-11-28;OKTT2;;9.0
4819;5805.0;2003-11-29;2003-11-29;OKTT0;;2.0
4820;4536.0;2003-11-29;2003-11-29;XSZZ2;;42.0
4821;5006.0;2003-11-30;2003-11-30;JNDD0;;3.0
4822;6085.0;2003-12-01;2003-12-01;OKTT4;;28.0
4823;991.0;2003-12-02;2003-12-02;QPYG1;;31.0
4824;5741.0;2003-12-02;2003-12-02;XSZZ1;;19.0
4825;5009.0;2003-12-02;2003-12-02;QPYG0;;39.0
4826;11605.0;2003-12-02;2003-12-02;OKTT1;;5.0
4827;8733.0;2003-12-02;2003-12-02;WWAP2;;44.0
4828;10402.0;2003-12-02;2003-12-02;OKTT3;;15.0
4829;5900.0;2003-12-03;2003-12-03;OKTT4;;16.0
4830;5862.0;2003-12-06;2003-12-06;LMFF3;;36.0
4831;9732.0;2003-12-06;2003-12-06;WDFE1;;17.0
4832;583.0;2003-12-09;2003-12-09;WDFE1;;25.0
4833;4949.0;2003-12-11;2003-12-11;XSZZ4;;44.0
4834;5009.0;2003-12-11;2003-12-11;XSZZ2;;7.0
4835;5647.0;2003-12-13;2003-12-13;HBCC3;;50.0
4836;602.0;2003-12-15;2003-12-15;OKTT2;;16.0
4837;8442.0;2003-12-15;2003-12-15;OKTT0;;49.0
4838;4044.0;2003-12-17;2003-12-17;QSOP3;;48.0
4839;2844.0;2003-12-19;2003-12-19;QAFD4;;20.0
4840;6230.0;2003-12-19;2003-12-19;XSZZ2;;2.0
4841;241.0;2003-12-21;2003-12-21;HBCC2;;28.0
4842;4888.0;2003-12-21;2003-12-21;HBCC3;;45.0
4843;6042.0;2003-12-21;2003-12-21;XSZZ1;;26.0
4844;8629.0;2003-12-21;2003-12-21;WWAP4;;21.0
4845;8439.0;2003-12-22;2003-12-22;JNDD4;;44.0
4846;296.0;2003-12-23;2003-12-23;JNDD2;;2.0
4847;1332.0;2003-12-23;2003-12-23;QPYG0;;11.0
4848;4184.0;2003-12-23;2003-12-23;JNDD4;;35.0
4849;5822.0;2003-12-23;2003-12-23;HBCC1;;36.0
4850;5912.0;2003-12-24;2003-12-24;QSOP4;;10.0
4851;11705.0;2003-12-25;2003-12-25;QSOP4;;14.0
4852;5972.0;2003-12-27;2003-12-27;QPYG4;;39.0
4853;2780.0;2003-12-29;2003-12-29;NVHH0;;47.0
4854;4070.0;2003-12-29;2003-12-29;JNDD0;;48.0
4855;2925.0;2003-12-30;2003-12-30;WWAP1;;17.0
4856;6294.0;2003-12-30;2003-12-30;QAFD3;;40.0
4857;8421.0;2003-12-31;2003-12-31;QSOP1;;7.0
4858;4764.0;2004-01-01;2004-01-01;JNDD2;;12.0
4859;6364.0;2004-01-01;2004-01-01;LMFF1;;0.0
4860;1235.0;2004-01-02;2004-01-02;BVAA4;;33.0
4861;5425.0;2004-01-02;2004-01-02;WDFE4;;43.0
4862;6245.0;2004-01-02;2004-01-02;WWAP1;;20.0
4863;5246.0;2004-01-02;2004-01-02;WDFE0;;50.0
4864;11246.0;2004-01-03;2004-01-03;BVAA3;;43.0
4865;654.0;2004-01-05;2004-01-05;BVAA4;;23.0
4866;5808.0;2004-01-05;2004-01-05;HBCC1;;17.0
4867;5009.0;2004-01-05;2004-01-05;OKTT4;;35.0
4868;10536.0;2004-01-05;2004-01-05;QPYG2;;23.0
4869;2681.0;2004-01-06;2004-01-06;HBCC1;;29.0
4870;5624.0;2004-01-06;2004-01-06;HBCC1;;19.0
4871;2977.0;2004-01-07;2004-01-07;WDFE0;;9.0
4872;5845.0;2004-01-08;2004-01-08;HBCC4;;12.0
4873;6185.0;2004-01-10;2004-01-10;QPYG4;;47.0
4874;6340.0;2004-01-10;2004-01-10;BVAA1;;50.0
4875;5452.0;2004-01-12;2004-01-12;BVAA3;;41.0
4876;333.0;2004-01-13;2004-01-13;NVHH1;;35.0
4877;8861.0;2004-01-13;2004-01-13;OKTT1;;24.0
4878;5629.0;2004-01-14;2004-01-14;BVAA3;;10.0
4879;10108.0;2004-01-14;2004-01-14;QPYG4;;23.0
4880;8359.0;2004-01-15;2004-01-15;WWAP1;;34.0
4881;6202.0;2004-01-18;2004-01-18;QPYG3;;14.0
4882;8881.0;2004-01-18;2004-01-18;WDFE3;;20.0
4883;9726.0;2004-01-18;2004-01-18;BVAA2;;42.0
4884;5210.0;2004-01-19;2004-01-19;JNDD3;;5.0
4885;6480.0;2004-01-19;2004-01-19;NVHH2;;6.0
4886;5009.0;2004-01-19;2004-01-19;QPYG0;;0.0
4887;5203.0;2004-01-21;2004-01-21;XSZZ3;;35.0
4888;11377.0;2004-01-22;2004-01-22;HBCC1;;4.0
4889;4975.0;2004-01-23;2004-01-23;BVAA4;;34.0
4890;6210.0;2004-01-24;2004-01-24;BVAA2;;4.0
4891;6204.0;2004-01-25;2004-01-25;XSZZ4;;14.0
4892;5178.0;2004-01-26;2004-01-26;NVHH0;;4.0
4893;7083.0;2004-01-28;2004-01-28;WDFE2;;14.0
4894;11954.0;2004-01-28;2004-01-28;QAFD0;;20.0
4895;10919.0;2004-01-29;2004-01-29;JNDD0;;26.0
4896;8991.0;2004-01-29;2004-01-29;JNDD3;;49.0
4897;4643.0;2004-01-31;2004-01-31;QPYG0;;28.0
4898;5536.0;2004-02-01;2004-02-01;WWAP0;;26.0
4899;11353.0;2004-02-01;2004-02-01;OKTT0;;40.0
4900;6325.0;2004-02-06;2004-02-06;WWAP1;;3.0
4901;4726.0;2004-02-08;2004-02-08;QSOP4;;5.0
4902;5440.0;2004-02-08;2004-02-08;JNDD1;;33.0
4903;10646.0;2004-02-08;2004-02-08;BVAA3;;48.0
4904;11531.0;2004-02-08;2004-02-08;QSOP0;;49.0
4905;254.0;2004-02-09;2004-02-09;OKTT4;;18.0
4906;732.0;2004-02-09;2004-02-09;JNDD1;;19.0
4907;5736.0;2004-02-10;2004-02-10;HBCC4;;19.0
4908;4979.0;2004-02-11;2004-02-11;BVAA2;;15.0
4909;122.0;2004-02-12;2004-02-12;WDFE3;;18.0
4910;4705.0;2004-02-12;2004-02-12;XDFF3;;25.0
4911;143.0;2004-02-13;2004-02-13;QSOP0;;10.0
4912;8612.0;2004-02-14;2004-02-14;LMFF2;;5.0
4913;8667.0;2004-02-15;2004-02-15;LMFF0;;24.0
4914;6502.0;2004-02-17;2004-02-17;QAFD2;;38.0
4915;4954.0;2004-02-17;2004-02-17;WDFE2;;4.0
4916;8589.0;2004-02-17;2004-02-17;BVAA0;;4.0
4917;9592.0;2004-02-17;2004-02-17;JNDD2;;29.0
4918;6166.0;2004-02-18;2004-02-18;HBCC2;;19.0
4919;8777.0;2004-02-18;2004-02-18;NVHH4;;18.0
4920;5843.0;2004-02-20;2004-02-20;QSOP1;;37.0
4921;5160.0;2004-02-20;2004-02-20;OKTT3;;32.0
4922;9118.0;2004-02-20;2004-02-20;WWAP2;;35.0
4923;5433.0;2004-02-21;2004-02-21;JNDD4;;15.0
4924;4665.0;2004-02-22;2004-02-22;BVAA1;;44.0
4925;6160.0;2004-02-23;2004-02-23;QSOP2;;27.0
4926;5569.0;2004-02-24;2004-02-24;QSOP1;;6.0
4927;10518.0;2004-02-24;2004-02-24;JNDD3;;2.0
4928;5780.0;2004-02-25;2004-02-25;WDFE3;;32.0
4929;8556.0;2004-02-26;2004-02-26;XSZZ2;;8.0
4930;4772.0;2004-02-27;2004-02-27;QAFD0;;32.0
4931;6419.0;2004-02-27;2004-02-27;WDFE1;;42.0
4932;10887.0;2004-02-27;2004-02-27;QAFD0;;14.0
4933;5802.0;2004-03-01;2004-03-01;WWAP1;;50.0
4934;6083.0;2004-03-02;2004-03-02;QSOP4;;8.0
4935;4772.0;2004-03-02;2004-03-02;WDFE3;;14.0
4936;11941.0;2004-03-03;2004-03-03;BVAA2;;7.0
4937;10427.0;2004-03-03;2004-03-03;QSOP2;;31.0
4938;1135.0;2004-03-04;2004-03-04;JNDD0;;50.0
4939;952.0;2004-03-05;2004-03-05;QSOP3;;13.0
4940;8429.0;2004-03-06;2004-03-06;WWAP3;;1.0
4941;5798.0;2004-03-08;2004-03-08;QAFD3;;30.0
4942;4772.0;2004-03-11;2004-03-11;JNDD0;;23.0
4943;5804.0;2004-03-13;2004-03-13;WDFE1;;43.0
4944;5617.0;2004-03-13;2004-03-13;JNDD0;;13.0
4945;4765.0;2004-03-15;2004-03-15;BVAA3;;9.0
4946;6292.0;2004-03-16;2004-03-16;WDFE1;;3.0
4947;0.0;2004-03-19;2004-03-19;QSOP4;;39.0
4948;8652.0;2004-03-19;2004-03-19;QSOP4;;15.0
4949;6359.0;2004-03-20;2004-03-20;QPYG0;;5.0
4950;6238.0;2004-03-21;2004-03-21;JNDD0;;45.0
4951;5186.0;2004-03-21;2004-03-21;WWAP4;;29.0
4952;10329.0;2004-03-21;2004-03-21;OKTT2;;19.0
4953;4899.0;2004-03-23;2004-03-23;HBCC3;;49.0
4954;5417.0;2004-03-24;2004-03-24;XSZZ3;;5.0
4955;8684.0;2004-03-24;2004-03-24;JNDD0;;4.0
4956;5923.0;2004-03-24;2004-03-24;QPYG1;;45.0
4957;8615.0;2004-03-24;2004-03-24;WWAP0;;22.0
4958;10992.0;2004-03-24;2004-03-24;OKTT2;;10.0
4959;6142.0;2004-03-25;2004-03-25;NVHH4;;38.0
4960;6376.0;2004-03-26;2004-03-26;BVAA3;;14.0
4961;9682.0;2004-03-26;2004-03-26;WWAP3;;37.0
4962;5201.0;2004-03-27;2004-03-27;QPYG0;;9.0
4963;10537.0;2004-03-29;2004-03-29;OKTT4;;29.0
4964;362.0;2004-03-31;2004-03-31;XSZZ2;;35.0
4965;4220.0;2004-03-31;2004-03-31;OKTT3;;8.0
4966;5434.0;2004-03-31;2004-03-31;HBCC1;;48.0
4967;6083.0;2004-04-01;2004-04-01;HBCC1;;14.0
4968;5556.0;2004-04-03;2004-04-03;LMFF3;;36.0
4969;8644.0;2004-04-03;2004-04-03;QAFD0;;7.0
4970;5188.0;2004-04-05;2004-04-05;XSZZ1;;30.0
4971;5188.0;2004-04-11;2004-04-11;OKTT2;;3.0
4972;10855.0;2004-04-13;2004-04-13;BVAA4;;43.0
4973;6468.0;2004-04-14;2004-04-14;HBCC4;;37.0
4974;5826.0;2004-04-14;2004-04-14;LMFF4;;43.0
4975;723.0;2004-04-15;2004-04-15;WDFE3;;41.0
4976;5803.0;2004-04-15;2004-04-15;HBCC0;;37.0
4977;6417.0;2004-04-15;2004-04-15;WWAP3;;2.0
4978;11174.0;2004-04-15;2004-04-15;WDFE2;;26.0
4979;4546.0;2004-04-16;2004-04-16;NVHH1;;21.0
4980;11847.0;2004-04-16;2004-04-16;BVAA2;;30.0
4981;4772.0;2004-04-17;2004-04-17;XSZZ2;;21.0
4982;10900.0;2004-04-17;2004-04-17;QPYG4;;1.0
4983;11344.0;2004-04-17;2004-04-17;BVAA0;;49.0
4984;11113.0;2004-04-17;2004-04-17;WDFE2;;13.0
4985;744.0;2004-04-18;2004-04-18;NVHH2;;45.0
4986;6070.0;2004-04-18;2004-04-18;XSZZ4;;25.0
4987;5486.0;2004-04-18;2004-04-18;BVAA2;;31.0
4988;4521.0;2004-04-19;2004-04-19;BVAA4;;32.0
4989;7350.0;2004-04-19;2004-04-19;HBCC3;;42.0
4990;6224.0;2004-04-19;2004-04-19;BVAA3;;27.0
4991;11339.0;2004-04-19;2004-04-19;QPYG0;;5.0
4992;8713.0;2004-04-20;2004-04-20;HBCC2;;20.0
4993;1065.0;2004-04-21;2004-04-21;XSZZ3;;30.0
4994;5160.0;2004-04-21;2004-04-21;LMFF3;;33.0
4995;11238.0;2004-04-22;2004-04-22;HBCC3;;35.0
4996;8289.0;2004-04-22;2004-04-22;HBCC0;;27.0
4997;5496.0;2004-04-23;2004-04-23;WDFE2;;30.0
4998;936.0;2004-04-24;2004-04-24;BVAA2;;37.0
4999;6358.0;2004-04-24;2004-04-24;LMFF4;;42.0
5000;9771.0;2004-04-25;2004-04-25;HBCC0;;46.0
5001;6037.0;2004-04-27;2004-04-27;QSOP0;;29.0
5002;4757.0;2004-04-28;2004-04-28;LMFF4;;17.0
5003;7079.0;2004-04-28;2004-04-28;OKTT0;;28.0
5004;6218.0;2004-04-28;2004-04-28;BVAA3;;44.0
5005;1468.0;2004-04-29;2004-04-29;QSOP3;;42.0
5006;6163.0;2004-04-30;2004-04-30;HBCC3;;1.0
5007;6124.0;2004-05-05;2004-05-05;WDFE3;;27.0
5008;10765.0;2004-05-06;2004-05-06;WWAP3;;3.0
5009;2700.0;2004-05-08;2004-05-08;QPYG4;;41.0
5010;6285.0;2004-05-08;2004-05-08;JNDD0;;4.0
5011;4546.0;2004-05-09;2004-05-09;JNDD2;;17.0
5012;5194.0;2004-05-09;2004-05-09;HBCC3;;23.0
5013;5492.0;2004-05-09;2004-05-09;JNDD2;;11.0
5014;4617.0;2004-05-09;2004-05-09;QSOP3;;24.0
5015;11688.0;2004-05-09;2004-05-09;JNDD3;;0.0
5016;9738.0;2004-05-09;2004-05-09;QAFD4;;26.0
5017;6269.0;2004-05-10;2004-05-10;QPYG3;;22.0
5018;11887.0;2004-05-10;2004-05-10;JNDD3;;36.0
5019;9171.0;2004-05-10;2004-05-10;WDFE1;;46.0
5020;10537.0;2004-05-10;2004-05-10;HBCC3;;34.0
5021;2716.0;2004-05-11;2004-05-11;OKTT4;;6.0
5023;11657.0;2004-05-15;2004-05-15;JNDD1;;17.0
5024;8397.0;2004-05-15;2004-05-15;WDFE0;;47.0
